Titre de page,Pages vues,Vues uniques,Temps moyen passé sur la page,Entrées,Taux de rebond,Sorties (en %),Valeur de la page
THE SKATEBOARD SOUNDTRACKS,5 241,4 637,00:00:54,2 563,"42,02 %","26,83 %","0,00 $US"
▶ THE SKATEBOARD SOUNDTRACKS - Converse - One Star World Tour,917,474,00:01:13,103,"48,54 %","24,21 %","0,00 $US"
▶ THE SKATEBOARD SOUNDTRACKS - The Way Out,796,404,00:00:55,64,"43,75 %","21,11 %","0,00 $US"
▶ THE SKATEBOARD SOUNDTRACKS - Transworld - Substance,624,344,00:00:29,23,"21,74 %","17,31 %","0,00 $US"
(50%) THE SKATEBOARD SOUNDTRACKS,556,554,00:00:26,79,"39,24 %","18,35 %","0,00 $US"
▶ THE SKATEBOARD SOUNDTRACKS - Zone 3,416,210,00:00:48,31,"41,94 %","22,12 %","0,00 $US"
▶ THE SKATEBOARD SOUNDTRACKS - Boys Of Summer,310,174,00:00:56,22,"31,82 %","22,58 %","0,00 $US"
(not set),265,226,00:00:36,7,"42,86 %","25,66 %","0,00 $US"
▶ THE SKATEBOARD SOUNDTRACKS - 5Boro - 5BNY,256,150,00:01:10,24,"66,67 %","26,95 %","0,00 $US"
▶ THE SKATEBOARD SOUNDTRACKS - Swish,179,92,00:00:29,8,"12,50 %","9,50 %","0,00 $US"
▶ THE SKATEBOARD SOUNDTRACKS - death �sthetic,170,90,00:00:59,4,"25,00 %","18,82 %","0,00 $US"
▶ THE SKATEBOARD SOUNDTRACKS - Carhartt - Out Of Steppe,153,138,00:00:30,8,"37,50 %","24,84 %","0,00 $US"
▶ THE SKATEBOARD SOUNDTRACKS - Transplants,144,81,00:00:36,11,"54,55 %","20,83 %","0,00 $US"
▶ THE SKATEBOARD SOUNDTRACKS - Girl/Chocolate - Pretty Sweet Tour,142,102,00:00:19,4,"50,00 %","8,45 %","0,00 $US"
▶ THE SKATEBOARD SOUNDTRACKS - Planet Earth - Now N' Later,135,80,00:01:00,17,"52,94 %","18,52 %","0,00 $US"
▶ THE SKATEBOARD SOUNDTRACKS - Heirloom 1,123,70,00:00:13,2,"0,00 %","10,57 %","0,00 $US"
"▶ THE SKATEBOARD SOUNDTRACKS - Old Tree Apparel / Euro Tour ""La Buena Vida""",122,57,00:01:20,7,"0,00 %","13,11 %","0,00 $US"
▶ THE SKATEBOARD SOUNDTRACKS - Nike SB - The SB Chronicles Vol. 3,110,64,00:00:40,16,"68,75 %","29,09 %","0,00 $US"
▶ THE SKATEBOARD SOUNDTRACKS - Vans - Propeller,105,71,00:01:03,10,"30,00 %","17,14 %","0,00 $US"
▶ THE SKATEBOARD SOUNDTRACKS - We Are Blood,104,62,00:01:16,27,"59,26 %","33,65 %","0,00 $US"
▶ THE SKATEBOARD SOUNDTRACKS - #looflife - Loofgram,102,46,00:01:32,1,"0,00 %","11,76 %","0,00 $US"
▶ THE SKATEBOARD SOUNDTRACKS - Bronze 56k Trust,100,70,00:00:13,4,"75,00 %","15,00 %","0,00 $US"
▶ THE SKATEBOARD SOUNDTRACKS - Retrograde,99,52,00:00:49,5,"80,00 %","20,20 %","0,00 $US"
error,99,56,00:00:19,2,"0,00 %","13,13 %","0,00 $US"
▶ THE SKATEBOARD SOUNDTRACKS - The H�las Mixtape,98,53,00:01:13,2,"0,00 %","14,29 %","0,00 $US"
▶ THE SKATEBOARD SOUNDTRACKS - Santa Cruz - Streets On Fire,92,42,00:00:58,10,"80,00 %","26,09 %","0,00 $US"
▶ THE SKATEBOARD SOUNDTRACKS - WKND - American Wknd,88,67,00:00:26,1,"0,00 %","7,95 %","0,00 $US"
▶ THE SKATEBOARD SOUNDTRACKS - Phat House 2: Told Ya,79,43,00:00:14,6,"33,33 %","24,05 %","0,00 $US"
▶ THE SKATEBOARD SOUNDTRACKS - H-Street - Hokus Pokus,77,43,00:00:51,12,"91,67 %","29,87 %","0,00 $US"
▶ THE SKATEBOARD SOUNDTRACKS - Stay Flared,75,41,00:00:14,2,"50,00 %","28,00 %","0,00 $US"
▶ THE SKATEBOARD SOUNDTRACKS - Almaros - Wood Times Ahead,74,40,00:00:28,6,"0,00 %","12,16 %","0,00 $US"
▶ THE SKATEBOARD SOUNDTRACKS - duzzed.,70,37,00:00:48,5,"0,00 %","20,00 %","0,00 $US"
▶ THE SKATEBOARD SOUNDTRACKS - ������,69,36,00:00:53,2,"0,00 %","14,49 %","0,00 $US"
▶ THE SKATEBOARD SOUNDTRACKS - Vision - Skatevisions,67,30,00:00:11,1,"0,00 %","8,96 %","0,00 $US"
"▶ THE SKATEBOARD SOUNDTRACKS - Supreme - ""cherry""",66,50,00:00:46,3,"33,33 %","9,09 %","0,00 $US"
▶ THE SKATEBOARD SOUNDTRACKS - Third Lair - The Lair Video,63,36,00:00:37,5,"80,00 %","28,57 %","0,00 $US"
▶ THE SKATEBOARD SOUNDTRACKS - Moose Street Saga Chapter 2,61,35,00:00:31,1,"0,00 %","13,11 %","0,00 $US"
▶ THE SKATEBOARD SOUNDTRACKS - Thrasher - King Of The Road 2013,60,45,00:00:17,1,"0,00 %","1,67 %","0,00 $US"
▶ THE SKATEBOARD SOUNDTRACKS - Taco Sluts,54,47,00:00:13,1,"100,00 %","7,41 %","0,00 $US"
▶ THE SKATEBOARD SOUNDTRACKS - Foundation - Tentacles of Destruction,50,20,00:00:26,1,"100,00 %","2,00 %","0,00 $US"
▶ THE SKATEBOARD SOUNDTRACKS - Real - Through and Through,48,27,00:02:35,1,"0,00 %","12,50 %","0,00 $US"
▶ THE SKATEBOARD SOUNDTRACKS - Bdg Lajfstajl,47,24,00:01:29,2,"0,00 %","14,89 %","0,00 $US"
▶ THE SKATEBOARD SOUNDTRACKS - Powell Peralta - Future Primitive,46,20,00:00:54,2,"50,00 %","13,04 %","0,00 $US"
▶ THE SKATEBOARD SOUNDTRACKS - Tilt Mode Army - Man Down,42,19,00:01:55,2,"50,00 %","19,05 %","0,00 $US"
▶ THE SKATEBOARD SOUNDTRACKS - Anti Hero - Destination Unknown,40,23,00:00:33,0,"0,00 %","10,00 %","0,00 $US"
▶ THE SKATEBOARD SOUNDTRACKS - Nike SB - The SB Chronicles Vol. 02,40,22,00:03:28,5,"20,00 %","17,50 %","0,00 $US"
▶ THE SKATEBOARD SOUNDTRACKS - Sabotage4,39,25,00:00:57,3,"0,00 %","15,38 %","0,00 $US"
▶ THE SKATEBOARD SOUNDTRACKS - Pyramid Country - Ripplescape,38,18,00:00:54,3,"0,00 %","13,16 %","0,00 $US"
(50%) ▶ THE SKATEBOARD SOUNDTRACKS - On The Prowl,36,30,00:00:05,0,"0,00 %","0,00 %","0,00 $US"
▶ THE SKATEBOARD SOUNDTRACKS - Transworld - First Love,36,21,00:01:21,12,"33,33 %","22,22 %","0,00 $US"
▶ THE SKATEBOARD SOUNDTRACKS - Florida Daze 3,35,20,00:00:12,0,"0,00 %","17,14 %","0,00 $US"
▶ THE SKATEBOARD SOUNDTRACKS - Transworld - Perpetual Motion,35,23,00:00:30,1,"0,00 %","11,43 %","0,00 $US"
▶ THE SKATEBOARD SOUNDTRACKS - Rendez Vous,34,34,00:00:04,3,"66,67 %","5,88 %","0,00 $US"
▶ THE SKATEBOARD SOUNDTRACKS - Skateboard Cafe - Alfresco,34,33,00:00:42,4,"50,00 %","35,29 %","0,00 $US"
▶ THE SKATEBOARD SOUNDTRACKS - Zoo York - King Of New York,34,22,00:00:20,1,"0,00 %","11,76 %","0,00 $US"
▶ THE SKATEBOARD SOUNDTRACKS - Powell Peralta - The Bones Brigade Video Show,33,16,00:00:52,1,"100,00 %","15,15 %","0,00 $US"
▶ THE SKATEBOARD SOUNDTRACKS - Blood Wizard - Masters Of Wizardry Vol.1,32,13,00:01:52,0,"0,00 %","21,88 %","0,00 $US"
▶ THE SKATEBOARD SOUNDTRACKS - Cee Lo,32,16,00:00:30,0,"0,00 %","3,12 %","0,00 $US"
▶ THE SKATEBOARD SOUNDTRACKS - Chicago Neighborhood Watch,32,32,00:00:10,7,"57,14 %","25,00 %","0,00 $US"
▶ THE SKATEBOARD SOUNDTRACKS - Gold - Goons,32,16,00:01:16,13,"0,00 %","12,50 %","0,00 $US"
▶ THE SKATEBOARD SOUNDTRACKS - Piss Drunx - 5 Years At The Bottom,32,16,00:00:08,0,"0,00 %","15,62 %","0,00 $US"
▶ THE SKATEBOARD SOUNDTRACKS - 411VM - Australian Vacation,28,17,00:00:54,2,"50,00 %","17,86 %","0,00 $US"
▶ THE SKATEBOARD SOUNDTRACKS - Antiz - Into The Van,28,25,00:00:11,3,"66,67 %","25,00 %","0,00 $US"
▶ THE SKATEBOARD SOUNDTRACKS - Antiz - Out Of The Blue,28,17,00:01:43,0,"0,00 %","3,57 %","0,00 $US"
▶ THE SKATEBOARD SOUNDTRACKS - The Polar Skate Co. Promo,28,13,00:00:17,0,"0,00 %","10,71 %","0,00 $US"
▶ THE SKATEBOARD SOUNDTRACKS - Converse Europe - #Pleasecharge,27,15,00:00:08,0,"0,00 %","0,00 %","0,00 $US"
▶ THE SKATEBOARD SOUNDTRACKS - Girl/Chocolate - Pretty Sweet,26,18,00:00:12,1,"100,00 %","11,54 %","0,00 $US"
▶ THE SKATEBOARD SOUNDTRACKS - Skate Pistols,26,25,00:00:05,0,"0,00 %","0,00 %","0,00 $US"
▶ THE SKATEBOARD SOUNDTRACKS - Tax Free,26,12,00:00:47,1,"100,00 %","19,23 %","0,00 $US"
▶ THE SKATEBOARD SOUNDTRACKS - Thrasher - King Of The Road 2012,26,19,00:00:07,0,"0,00 %","3,85 %","0,00 $US"
▶ THE SKATEBOARD SOUNDTRACKS - A Happy Medium 3,24,13,00:02:44,0,"0,00 %","16,67 %","0,00 $US"
▶ THE SKATEBOARD SOUNDTRACKS - Psycho Skate,24,16,00:00:49,0,"0,00 %","4,17 %","0,00 $US"
▶ THE SKATEBOARD SOUNDTRACKS - Sin Habits,24,23,00:00:06,0,"0,00 %","0,00 %","0,00 $US"
▶ THE SKATEBOARD SOUNDTRACKS - Anti Hero - Moigle Splatter,23,12,00:00:10,0,"0,00 %","8,70 %","0,00 $US"
▶ THE SKATEBOARD SOUNDTRACKS - New Life,23,15,00:00:12,0,"0,00 %","17,39 %","0,00 $US"
▶ THE SKATEBOARD SOUNDTRACKS - Nike Sb Argentina - Roots,23,23,00:00:10,6,"100,00 %","39,13 %","0,00 $US"
▶ THE SKATEBOARD SOUNDTRACKS - The Brodies,23,14,00:00:09,0,"0,00 %","13,04 %","0,00 $US"
▶ THE SKATEBOARD SOUNDTRACKS - Baker Tour 2015,22,22,00:02:25,3,"33,33 %","27,27 %","0,00 $US"
▶ THE SKATEBOARD SOUNDTRACKS - Clich� - Gypsy Life,22,11,00:00:32,0,"0,00 %","22,73 %","0,00 $US"
▶ THE SKATEBOARD SOUNDTRACKS - Hi-DUST,22,21,00:00:10,1,"0,00 %","22,73 %","0,00 $US"
▶ THE SKATEBOARD SOUNDTRACKS - Threadcleaner,22,22,00:00:08,5,"40,00 %","18,18 %","0,00 $US"
▶ THE SKATEBOARD SOUNDTRACKS - Wasted Youth,22,14,00:00:16,0,"0,00 %","13,64 %","0,00 $US"
▶ THE SKATEBOARD SOUNDTRACKS - Streetskating With Rob & Natas,21,13,00:00:10,0,"0,00 %","4,76 %","0,00 $US"
▶ THE SKATEBOARD SOUNDTRACKS - Goin' Off!,20,9,00:00:08,0,"0,00 %","25,00 %","0,00 $US"
▶ THE SKATEBOARD SOUNDTRACKS - Pyramid Country - Exeter,20,10,00:00:54,2,"0,00 %","20,00 %","0,00 $US"
▶ THE SKATEBOARD SOUNDTRACKS - Transworld - Not Another Transworld Video,20,4,00:00:08,0,"0,00 %","5,00 %","0,00 $US"
▶ THE SKATEBOARD SOUNDTRACKS - New Deal - Useless Wooden Toys,19,14,00:02:36,11,"72,73 %","52,63 %","0,00 $US"
▶ THE SKATEBOARD SOUNDTRACKS - Nike SB Australia - Two Up,18,14,00:00:09,0,"0,00 %","5,56 %","0,00 $US"
▶ THE SKATEBOARD SOUNDTRACKS - Plan B - Questionable,18,13,00:02:02,7,"57,14 %","33,33 %","0,00 $US"
▶ THE SKATEBOARD SOUNDTRACKS - Sick Boys,18,10,00:00:36,1,"0,00 %","16,67 %","0,00 $US"
▶ THE SKATEBOARD SOUNDTRACKS - Skate Mental - Shane O'Neill Pro Debut,18,13,00:00:05,0,"0,00 %","0,00 %","0,00 $US"
▶ THE SKATEBOARD SOUNDTRACKS - Sour - The Sour Solution,18,11,00:01:42,0,"0,00 %","5,56 %","0,00 $US"
▶ THE SKATEBOARD SOUNDTRACKS - Palace/Bronze - Paramount,17,15,00:02:17,2,"100,00 %","23,53 %","0,00 $US"
▶ THE SKATEBOARD SOUNDTRACKS - DGK - Blood Money,16,8,00:00:08,0,"0,00 %","0,00 %","0,00 $US"
▶ THE SKATEBOARD SOUNDTRACKS - Girl - Yeah Right!,16,13,00:02:12,7,"85,71 %","56,25 %","0,00 $US"
▶ THE SKATEBOARD SOUNDTRACKS - Homeless,16,9,00:02:43,1,"100,00 %","31,25 %","0,00 $US"
▶ THE SKATEBOARD SOUNDTRACKS - Zero - Thrill Of It All,16,11,00:01:49,6,"83,33 %","37,50 %","0,00 $US"
▶ THE SKATEBOARD SOUNDTRACKS - Alien Workshop - Mind Field,15,11,00:01:07,0,"0,00 %","0,00 %","0,00 $US"
▶ THE SKATEBOARD SOUNDTRACKS - H-Street - Shackle Me Not,15,15,00:00:22,9,"100,00 %","73,33 %","0,00 $US"
▶ THE SKATEBOARD SOUNDTRACKS - La Dolce Vita,15,9,00:01:54,1,"0,00 %","13,33 %","0,00 $US"
▶ THE SKATEBOARD SOUNDTRACKS - Thrasher - King Of The Road 2010,15,10,00:00:33,1,"0,00 %","13,33 %","0,00 $US"
▶ THE SKATEBOARD SOUNDTRACKS - Thrasher - Strike and Destroy,15,6,00:00:07,0,"0,00 %","6,67 %","0,00 $US"
▶ THE SKATEBOARD SOUNDTRACKS - Zoo York - True East,15,10,00:00:08,0,"0,00 %","6,67 %","0,00 $US"
▶ THE SKATEBOARD SOUNDTRACKS - Boatsoda,14,10,00:00:15,1,"0,00 %","21,43 %","0,00 $US"
▶ THE SKATEBOARD SOUNDTRACKS - Enjoi - Oververt,14,7,00:00:39,2,"50,00 %","14,29 %","0,00 $US"
▶ THE SKATEBOARD SOUNDTRACKS - Static IV,14,8,00:02:34,0,"0,00 %","14,29 %","0,00 $US"
▶ THE SKATEBOARD SOUNDTRACKS - Thrasher - SOTY Naawwsty,14,7,00:00:07,0,"0,00 %","14,29 %","0,00 $US"
▶ THE SKATEBOARD SOUNDTRACKS - Blind - Video Days,13,6,00:00:09,1,"0,00 %","7,69 %","0,00 $US"
▶ THE SKATEBOARD SOUNDTRACKS - Girl/Anti Hero - Beauty and The Beast 3,13,10,00:00:04,0,"0,00 %","15,38 %","0,00 $US"
▶ THE SKATEBOARD SOUNDTRACKS - Habitat - Search The Horizon,13,11,00:00:07,0,"0,00 %","0,00 %","0,00 $US"
▶ THE SKATEBOARD SOUNDTRACKS - Perus Crew Get The Fucking Beers In Dickhead,13,5,00:00:07,0,"0,00 %","0,00 %","0,00 $US"
▶ THE SKATEBOARD SOUNDTRACKS - Premium - Unfazed,13,12,00:00:07,0,"0,00 %","0,00 %","0,00 $US"
▶ THE SKATEBOARD SOUNDTRACKS - Strangers,13,6,00:01:08,0,"0,00 %","15,38 %","0,00 $US"
▶ THE SKATEBOARD SOUNDTRACKS - The Quilt,13,8,00:03:29,5,"40,00 %","38,46 %","0,00 $US"
▶ THE SKATEBOARD SOUNDTRACKS - Bordeaux Exposure 2,12,12,00:00:13,0,"0,00 %","25,00 %","0,00 $US"
▶ THE SKATEBOARD SOUNDTRACKS - Bounced,12,12,00:00:12,0,"0,00 %","8,33 %","0,00 $US"
▶ THE SKATEBOARD SOUNDTRACKS - Civic Affair,12,5,00:02:29,0,"0,00 %","0,00 %","0,00 $US"
▶ THE SKATEBOARD SOUNDTRACKS - Confus,12,6,00:00:46,3,"0,00 %","0,00 %","0,00 $US"
▶ THE SKATEBOARD SOUNDTRACKS - GEM,12,8,00:00:07,0,"0,00 %","25,00 %","0,00 $US"
▶ THE SKATEBOARD SOUNDTRACKS - Girl - Mouse,12,6,00:00:25,1,"0,00 %","16,67 %","0,00 $US"
▶ THE SKATEBOARD SOUNDTRACKS - Isle - Vase,12,7,00:01:53,2,"50,00 %","25,00 %","0,00 $US"
▶ THE SKATEBOARD SOUNDTRACKS - Powell Peralta - Ban This,12,10,00:00:19,1,"0,00 %","8,33 %","0,00 $US"
▶ THE SKATEBOARD SOUNDTRACKS - Quiet Storm Vol. 1,12,9,< 00:00:01,1,"0,00 %","8,33 %","0,00 $US"
▶ THE SKATEBOARD SOUNDTRACKS - Rift - We Watch,12,11,00:02:07,1,"0,00 %","33,33 %","0,00 $US"
▶ THE SKATEBOARD SOUNDTRACKS - Thrasher - Chinese Takeout,12,11,00:00:11,0,"0,00 %","8,33 %","0,00 $US"
▶ THE SKATEBOARD SOUNDTRACKS - Tired Video 3,12,12,00:00:11,0,"0,00 %","25,00 %","0,00 $US"
▶ THE SKATEBOARD SOUNDTRACKS - Toy Machine - Welcome To Hell,12,8,00:00:23,1,"0,00 %","8,33 %","0,00 $US"
▶ THE SKATEBOARD SOUNDTRACKS - Transworld - 4 Wheel Drive,12,11,00:01:00,0,"0,00 %","8,33 %","0,00 $US"
▶ THE SKATEBOARD SOUNDTRACKS - 2bananer Og 1snickers,11,5,00:00:56,1,"100,00 %","18,18 %","0,00 $US"
▶ THE SKATEBOARD SOUNDTRACKS - Dimestore - Dime Turd Season,11,5,00:00:19,0,"0,00 %","0,00 %","0,00 $US"
▶ THE SKATEBOARD SOUNDTRACKS - Fourstar - Wair N Tear,11,6,00:00:05,0,"0,00 %","0,00 %","0,00 $US"
▶ THE SKATEBOARD SOUNDTRACKS - On The Prowl,11,6,00:00:08,1,"0,00 %","18,18 %","0,00 $US"
▶ THE SKATEBOARD SOUNDTRACKS - Shake Junt - Skate Tank,11,6,00:00:37,0,"0,00 %","0,00 %","0,00 $US"
▶ THE SKATEBOARD SOUNDTRACKS - Transworld - i.e.,11,9,00:00:09,0,"0,00 %","9,09 %","0,00 $US"
▶ THE SKATEBOARD SOUNDTRACKS - Transworld - Outliers,11,6,00:01:52,1,"0,00 %","18,18 %","0,00 $US"
▶ THE SKATEBOARD SOUNDTRACKS - Magenta - Soleil Levant,10,5,00:00:21,0,"0,00 %","0,00 %","0,00 $US"
▶ THE SKATEBOARD SOUNDTRACKS - Plan B - True,10,5,00:01:06,0,"0,00 %","0,00 %","0,00 $US"
▶ THE SKATEBOARD SOUNDTRACKS - Plead The Spliff,10,8,00:00:13,0,"0,00 %","10,00 %","0,00 $US"
▶ THE SKATEBOARD SOUNDTRACKS - Sacto/Street Ramp Contests,10,5,00:00:07,1,"0,00 %","0,00 %","0,00 $US"
▶ THE SKATEBOARD SOUNDTRACKS - Too Stupid To Care,10,5,00:01:03,0,"0,00 %","20,00 %","0,00 $US"
▶ THE SKATEBOARD SOUNDTRACKS - Toy Machine - The Re-education Of Jeremy Leabres,10,5,00:01:38,0,"0,00 %","10,00 %","0,00 $US"
▶ THE SKATEBOARD SOUNDTRACKS - Volcom - True To This,10,5,00:00:44,0,"0,00 %","10,00 %","0,00 $US"
▶ THE SKATEBOARD SOUNDTRACKS - Yeah Skateboards - International Call,10,4,00:00:09,1,"0,00 %","20,00 %","0,00 $US"
▶ THE SKATEBOARD SOUNDTRACKS - Agoura Lifestyle,9,9,00:00:10,3,"100,00 %","33,33 %","0,00 $US"
▶ THE SKATEBOARD SOUNDTRACKS - Bacon - Rollerstar'd,9,8,00:00:08,1,"0,00 %","44,44 %","0,00 $US"
▶ THE SKATEBOARD SOUNDTRACKS - DC Norway - Delta Charlie,9,9,00:00:23,0,"0,00 %","0,00 %","0,00 $US"
▶ THE SKATEBOARD SOUNDTRACKS - DVS/Almost - New Year's Dae,9,7,00:00:10,0,"0,00 %","11,11 %","0,00 $US"
▶ THE SKATEBOARD SOUNDTRACKS - Eastern Standard Time Version 2.0,9,4,00:00:08,1,"0,00 %","33,33 %","0,00 $US"
▶ THE SKATEBOARD SOUNDTRACKS - Emerica - Kids In Emerica,9,2,00:00:04,0,"0,00 %","0,00 %","0,00 $US"
▶ THE SKATEBOARD SOUNDTRACKS - Flip - 3,9,4,00:00:11,1,"100,00 %","11,11 %","0,00 $US"
▶ THE SKATEBOARD SOUNDTRACKS - Frank - Good Old Boring Internet Video,9,6,00:00:22,0,"0,00 %","0,00 %","0,00 $US"
▶ THE SKATEBOARD SOUNDTRACKS - Heroin - Video Nasty,9,5,00:00:12,1,"0,00 %","11,11 %","0,00 $US"
▶ THE SKATEBOARD SOUNDTRACKS - Lenz II,9,5,00:00:36,0,"0,00 %","0,00 %","0,00 $US"
▶ THE SKATEBOARD SOUNDTRACKS - Pornstar - The People vs. Pornstar,9,4,00:01:42,0,"0,00 %","22,22 %","0,00 $US"
▶ THE SKATEBOARD SOUNDTRACKS - Shep Dawgs Vol. 4,9,6,00:01:01,4,"75,00 %","44,44 %","0,00 $US"
▶ THE SKATEBOARD SOUNDTRACKS - Transworld - Modus Operandi,9,6,00:01:35,3,"100,00 %","44,44 %","0,00 $US"
▶ THE SKATEBOARD SOUNDTRACKS - Where We Come From,9,9,00:00:14,1,"0,00 %","44,44 %","0,00 $US"
▶ THE SKATEBOARD SOUNDTRACKS - �S - Menikmati,9,3,00:00:06,1,"100,00 %","11,11 %","0,00 $US"
▶ THE SKATEBOARD SOUNDTRACKS - AKA: Girl Skater,8,7,00:00:33,0,"0,00 %","0,00 %","0,00 $US"
▶ THE SKATEBOARD SOUNDTRACKS - Ashes - New Sheet,8,4,00:03:38,0,"0,00 %","0,00 %","0,00 $US"
▶ THE SKATEBOARD SOUNDTRACKS - Bones Brigade: An Autobiography,8,5,00:00:14,0,"0,00 %","12,50 %","0,00 $US"
▶ THE SKATEBOARD SOUNDTRACKS - Boyish,8,3,00:01:22,0,"0,00 %","12,50 %","0,00 $US"
▶ THE SKATEBOARD SOUNDTRACKS - Dekline - True Blue,8,4,00:01:25,1,"0,00 %","0,00 %","0,00 $US"
▶ THE SKATEBOARD SOUNDTRACKS - Dumb - Is.Dumb.Ul,8,7,00:04:21,0,"0,00 %","0,00 %","0,00 $US"
▶ THE SKATEBOARD SOUNDTRACKS - Emerica - This Is Skateboarding,8,7,00:02:21,3,"0,00 %","50,00 %","0,00 $US"
▶ THE SKATEBOARD SOUNDTRACKS - Headcleaner,8,8,00:00:06,0,"0,00 %","12,50 %","0,00 $US"
▶ THE SKATEBOARD SOUNDTRACKS - LRG - 1947,8,4,00:00:00,1,"0,00 %","50,00 %","0,00 $US"
▶ THE SKATEBOARD SOUNDTRACKS - Nike SB - The SB Chronicles Vol. 01,8,8,00:00:15,0,"0,00 %","25,00 %","0,00 $US"
▶ THE SKATEBOARD SOUNDTRACKS - Powell - Bones Bearings Class Of 2000,8,7,00:00:59,0,"0,00 %","0,00 %","0,00 $US"
▶ THE SKATEBOARD SOUNDTRACKS - Toy Machine - Brainwash,8,6,00:00:07,0,"0,00 %","12,50 %","0,00 $US"
(50%) ▶ THE SKATEBOARD SOUNDTRACKS - Zone 3,7,7,00:00:03,0,"0,00 %","0,00 %","0,00 $US"
▶ THE SKATEBOARD SOUNDTRACKS - 1031 - Heavy Mellow,7,4,00:00:10,0,"0,00 %","0,00 %","0,00 $US"
▶ THE SKATEBOARD SOUNDTRACKS - Emerica - Stay Gold,7,5,00:00:19,0,"0,00 %","14,29 %","0,00 $US"
▶ THE SKATEBOARD SOUNDTRACKS - jkzljzezfeezfroig,7,1,00:01:54,0,"0,00 %","0,00 %","0,00 $US"
▶ THE SKATEBOARD SOUNDTRACKS - Life Extention - Theatrix,7,4,00:00:18,0,"0,00 %","0,00 %","0,00 $US"
▶ THE SKATEBOARD SOUNDTRACKS - Osiris - Subject To Change,7,3,00:00:27,0,"0,00 %","14,29 %","0,00 $US"
▶ THE SKATEBOARD SOUNDTRACKS - Plan B - Second Hand Smoke,7,6,00:00:07,0,"0,00 %","0,00 %","0,00 $US"
▶ THE SKATEBOARD SOUNDTRACKS - Powell Peralta - Public Domain,7,6,00:00:07,0,"0,00 %","14,29 %","0,00 $US"
▶ THE SKATEBOARD SOUNDTRACKS - Skateboard Superstars,7,3,00:00:05,0,"0,00 %","14,29 %","0,00 $US"
▶ THE SKATEBOARD SOUNDTRACKS - SkateNation,7,3,00:03:04,1,"0,00 %","14,29 %","0,00 $US"
▶ THE SKATEBOARD SOUNDTRACKS - Strange Brew,7,6,00:00:04,0,"0,00 %","14,29 %","0,00 $US"
▶ THE SKATEBOARD SOUNDTRACKS - Treat Yourself,7,7,00:00:10,0,"0,00 %","0,00 %","0,00 $US"
▶ THE SKATEBOARD SOUNDTRACKS - [sv]POPCORN,6,6,00:00:13,0,"0,00 %","16,67 %","0,00 $US"
▶ THE SKATEBOARD SOUNDTRACKS - 411VM - Issue 16,6,4,00:00:17,0,"0,00 %","0,00 %","0,00 $US"
▶ THE SKATEBOARD SOUNDTRACKS - ABX Golden City,6,3,00:00:05,0,"0,00 %","16,67 %","0,00 $US"
▶ THE SKATEBOARD SOUNDTRACKS - Almost - Round Three,6,5,00:01:59,0,"0,00 %","16,67 %","0,00 $US"
▶ THE SKATEBOARD SOUNDTRACKS - Baker 3,6,5,00:00:30,2,"100,00 %","33,33 %","0,00 $US"
▶ THE SKATEBOARD SOUNDTRACKS - Big Brother - Shit,6,4,00:00:08,0,"0,00 %","0,00 %","0,00 $US"
▶ THE SKATEBOARD SOUNDTRACKS - CKY2K,6,4,00:01:15,0,"0,00 %","16,67 %","0,00 $US"
▶ THE SKATEBOARD SOUNDTRACKS - Colour Group - Rawscene,6,6,00:00:07,0,"0,00 %","16,67 %","0,00 $US"
▶ THE SKATEBOARD SOUNDTRACKS - Fourstar - Crocodile Done Deal,6,3,00:00:02,0,"0,00 %","0,00 %","0,00 $US"
▶ THE SKATEBOARD SOUNDTRACKS - Ill Conceived,6,3,00:00:13,0,"0,00 %","16,67 %","0,00 $US"
▶ THE SKATEBOARD SOUNDTRACKS - MARVS - Wait For It,6,3,00:00:09,0,"0,00 %","0,00 %","0,00 $US"
▶ THE SKATEBOARD SOUNDTRACKS - Mrs So High,6,6,00:00:12,0,"0,00 %","16,67 %","0,00 $US"
▶ THE SKATEBOARD SOUNDTRACKS - New Deal - 1281,6,3,00:06:36,1,"0,00 %","16,67 %","0,00 $US"
▶ THE SKATEBOARD SOUNDTRACKS - Ohio Skateout,6,3,00:00:21,0,"0,00 %","0,00 %","0,00 $US"
▶ THE SKATEBOARD SOUNDTRACKS - Platinum - Crimes & Misdemeanors,6,2,00:05:28,1,"0,00 %","16,67 %","0,00 $US"
▶ THE SKATEBOARD SOUNDTRACKS - Powell Peralta - The Search For Animal Chin,6,5,00:00:02,0,"0,00 %","50,00 %","0,00 $US"
▶ THE SKATEBOARD SOUNDTRACKS - Pyramid Country - Who Is The Observer?,6,2,00:00:12,0,"0,00 %","16,67 %","0,00 $US"
▶ THE SKATEBOARD SOUNDTRACKS - Reach Skateboards - Glace im Winter,6,5,00:00:59,2,"50,00 %","16,67 %","0,00 $US"
▶ THE SKATEBOARD SOUNDTRACKS - Santa Cruz - Speed Freaks,6,6,00:00:43,0,"0,00 %","0,00 %","0,00 $US"
▶ THE SKATEBOARD SOUNDTRACKS - Santa Cruz - Wheels of Fire,6,6,00:02:17,0,"0,00 %","16,67 %","0,00 $US"
▶ THE SKATEBOARD SOUNDTRACKS - Tengu: God Of Mischief,6,4,00:00:21,2,"100,00 %","50,00 %","0,00 $US"
▶ THE SKATEBOARD SOUNDTRACKS - The Firm - Dedicated To Skateboarding,6,3,00:00:08,1,"0,00 %","16,67 %","0,00 $US"
▶ THE SKATEBOARD SOUNDTRACKS - The Journey Of The Beasts,6,3,00:00:10,0,"0,00 %","16,67 %","0,00 $US"
▶ THE SKATEBOARD SOUNDTRACKS - Tree Fort Vol. 1,6,3,00:04:52,2,"0,00 %","0,00 %","0,00 $US"
▶ THE SKATEBOARD SOUNDTRACKS - Vision - Barge At Will,6,3,00:00:13,0,"0,00 %","0,00 %","0,00 $US"
▶ THE SKATEBOARD SOUNDTRACKS - zefzefeaf,6,1,00:03:07,0,"0,00 %","0,00 %","0,00 $US"
▶ THE SKATEBOARD SOUNDTRACKS - Zoo York - Mix Tape,6,2,00:00:02,0,"0,00 %","16,67 %","0,00 $US"
(50%) ▶ THE SKATEBOARD SOUNDTRACKS - Plan B - True,5,5,00:00:28,3,"66,67 %","60,00 %","0,00 $US"
"▶ THE SKATEBOARD SOUNDTRACKS - 411VM - Best Of 411, Volume 2",5,3,00:02:00,1,"0,00 %","0,00 %","0,00 $US"
▶ THE SKATEBOARD SOUNDTRACKS - A Happy Medium 2,5,4,00:00:53,0,"0,00 %","0,00 %","0,00 $US"
▶ THE SKATEBOARD SOUNDTRACKS - BLVD - Stay In Front,5,3,00:00:37,0,"0,00 %","0,00 %","0,00 $US"
▶ THE SKATEBOARD SOUNDTRACKS - Element - Trio,5,2,00:00:12,0,"0,00 %","0,00 %","0,00 $US"
▶ THE SKATEBOARD SOUNDTRACKS - Foundation - Barbarians At The Gate,5,3,00:00:15,0,"0,00 %","0,00 %","0,00 $US"
▶ THE SKATEBOARD SOUNDTRACKS - Habitat - Regal Road,5,5,00:00:10,0,"0,00 %","0,00 %","0,00 $US"
▶ THE SKATEBOARD SOUNDTRACKS - Hook-Ups - Asian Goddess,5,5,00:08:28,0,"0,00 %","20,00 %","0,00 $US"
▶ THE SKATEBOARD SOUNDTRACKS - Jart - The Am Project,5,3,00:04:24,0,"0,00 %","0,00 %","0,00 $US"
▶ THE SKATEBOARD SOUNDTRACKS - Outer Limits,5,5,00:00:27,0,"0,00 %","20,00 %","0,00 $US"
▶ THE SKATEBOARD SOUNDTRACKS - Plan B - Virtual Reality,5,5,00:00:07,0,"0,00 %","40,00 %","0,00 $US"
▶ THE SKATEBOARD SOUNDTRACKS - Rhythm - Genesis,5,2,00:00:38,1,"0,00 %","20,00 %","0,00 $US"
▶ THE SKATEBOARD SOUNDTRACKS - Spitfire,5,3,00:00:29,0,"0,00 %","0,00 %","0,00 $US"
▶ THE SKATEBOARD SOUNDTRACKS - The Vegas Video,5,4,00:01:06,0,"0,00 %","20,00 %","0,00 $US"
▶ THE SKATEBOARD SOUNDTRACKS - Varg - Vargtass,5,3,00:00:07,0,"0,00 %","0,00 %","0,00 $US"
▶ THE SKATEBOARD SOUNDTRACKS - Worship Friendship,5,4,00:00:48,0,"0,00 %","0,00 %","0,00 $US"
▶ THE SKATEBOARD SOUNDTRACKS - Zero - Cold War,5,3,00:00:25,0,"0,00 %","0,00 %","0,00 $US"
(50%) ▶ THE SKATEBOARD SOUNDTRACKS - Almaros - Wood Times Ahead,4,4,00:00:21,0,"0,00 %","25,00 %","0,00 $US"
▶ THE SKATEBOARD SOUNDTRACKS - 411VM - Issue 22,4,3,00:00:01,1,"100,00 %","50,00 %","0,00 $US"
"▶ THE SKATEBOARD SOUNDTRACKS - 411VM - Volume 13, Issue 1",4,4,00:00:19,0,"0,00 %","25,00 %","0,00 $US"
▶ THE SKATEBOARD SOUNDTRACKS - ASCO VOL.1,4,2,00:01:02,0,"0,00 %","0,00 %","0,00 $US"
▶ THE SKATEBOARD SOUNDTRACKS - ATM - Fast Youth,4,2,00:00:03,0,"0,00 %","25,00 %","0,00 $US"
▶ THE SKATEBOARD SOUNDTRACKS - Central - 4 Letter Words,4,2,00:06:29,1,"0,00 %","0,00 %","0,00 $US"
▶ THE SKATEBOARD SOUNDTRACKS - DC/Element - The Evan Smith Experience,4,3,00:07:35,0,"0,00 %","0,00 %","0,00 $US"
▶ THE SKATEBOARD SOUNDTRACKS - Enjoi - Tweak The Beef,4,2,00:00:05,0,"0,00 %","0,00 %","0,00 $US"
▶ THE SKATEBOARD SOUNDTRACKS - Foundation - Cocktails,4,2,00:00:10,0,"0,00 %","25,00 %","0,00 $US"
▶ THE SKATEBOARD SOUNDTRACKS - Girl/Anti Hero - Beauty and The Beast 2,4,2,00:05:18,0,"0,00 %","0,00 %","0,00 $US"
▶ THE SKATEBOARD SOUNDTRACKS - Habitat - Mosaic,4,2,00:05:34,0,"0,00 %","0,00 %","0,00 $US"
▶ THE SKATEBOARD SOUNDTRACKS - In The Details,4,2,00:00:06,0,"0,00 %","0,00 %","0,00 $US"
▶ THE SKATEBOARD SOUNDTRACKS - Land of Marble,4,2,00:01:51,1,"0,00 %","0,00 %","0,00 $US"
▶ THE SKATEBOARD SOUNDTRACKS - Live Animation,4,3,00:00:40,0,"0,00 %","25,00 %","0,00 $US"
▶ THE SKATEBOARD SOUNDTRACKS - Loof Life,4,2,00:00:52,0,"0,00 %","0,00 %","0,00 $US"
▶ THE SKATEBOARD SOUNDTRACKS - Magenta - SF Hill Street Blues,4,2,00:00:03,0,"0,00 %","0,00 %","0,00 $US"
▶ THE SKATEBOARD SOUNDTRACKS - New Deal - Da Deal Is Dead,4,4,00:16:33,1,"0,00 %","25,00 %","0,00 $US"
▶ THE SKATEBOARD SOUNDTRACKS - Nike SB - Nothing But The Truth,4,3,00:00:13,0,"0,00 %","0,00 %","0,00 $US"
▶ THE SKATEBOARD SOUNDTRACKS - Potpourri,4,3,00:00:08,0,"0,00 %","0,00 %","0,00 $US"
▶ THE SKATEBOARD SOUNDTRACKS - Real - Since Day One,4,3,00:00:19,0,"0,00 %","0,00 %","0,00 $US"
▶ THE SKATEBOARD SOUNDTRACKS - Red Bull - Perspective,4,2,00:00:04,0,"0,00 %","0,00 %","0,00 $US"
▶ THE SKATEBOARD SOUNDTRACKS - Shake Junt - Chicken Bone Nowison,4,3,00:00:27,0,"0,00 %","0,00 %","0,00 $US"
▶ THE SKATEBOARD SOUNDTRACKS - Shorty's - Fulfill The Dream,4,3,00:00:58,0,"0,00 %","0,00 %","0,00 $US"
▶ THE SKATEBOARD SOUNDTRACKS - Skateporning,4,2,00:00:03,0,"0,00 %","0,00 %","0,00 $US"
▶ THE SKATEBOARD SOUNDTRACKS - Stonebros,4,4,00:00:23,0,"0,00 %","25,00 %","0,00 $US"
▶ THE SKATEBOARD SOUNDTRACKS - Sure,4,3,00:04:26,0,"0,00 %","25,00 %","0,00 $US"
▶ THE SKATEBOARD SOUNDTRACKS - The Straight and Narrow - Beyond Reason,4,4,00:00:08,0,"0,00 %","50,00 %","0,00 $US"
▶ THE SKATEBOARD SOUNDTRACKS - Thrasher/Volcom - Escape From SOTY Island,4,2,00:00:09,0,"0,00 %","25,00 %","0,00 $US"
▶ THE SKATEBOARD SOUNDTRACKS - Toy Machine - Heavy Metal,4,3,00:01:00,0,"0,00 %","0,00 %","0,00 $US"
▶ THE SKATEBOARD SOUNDTRACKS - Toy Machine - Jump Off A Building,4,3,00:00:51,0,"0,00 %","0,00 %","0,00 $US"
▶ THE SKATEBOARD SOUNDTRACKS - World Industries - Rubbish Heap,4,4,00:00:20,0,"0,00 %","50,00 %","0,00 $US"
▶ THE SKATEBOARD SOUNDTRACKS - You Betcha,4,2,00:00:06,1,"0,00 %","25,00 %","0,00 $US"
keycode73142329.spacebarnot.work,4,4,00:00:00,4,"100,00 %","100,00 %","0,00 $US"
(50%) ▶ THE SKATEBOARD SOUNDTRACKS - Alien Workshop - Mind Field,3,3,00:00:05,0,"0,00 %","0,00 %","0,00 $US"
(50%) ▶ THE SKATEBOARD SOUNDTRACKS - Powell Peralta - Ban This,3,2,00:00:17,0,"0,00 %","33,33 %","0,00 $US"
(50%) ▶ THE SKATEBOARD SOUNDTRACKS - We Are Blood,3,3,00:00:10,3,"66,67 %","66,67 %","0,00 $US"
(50%) error,3,3,00:00:13,0,"0,00 %","66,67 %","0,00 $US"
▶ THE SKATEBOARD SOUNDTRACKS - 411VM - Europe 2000,3,2,00:00:19,0,"0,00 %","0,00 %","0,00 $US"
▶ THE SKATEBOARD SOUNDTRACKS - 411VM - Europe 2001,3,2,00:00:04,0,"0,00 %","33,33 %","0,00 $US"
"▶ THE SKATEBOARD SOUNDTRACKS - 411VM - Volume 14, Issue 1",3,3,00:00:33,0,"0,00 %","33,33 %","0,00 $US"
▶ THE SKATEBOARD SOUNDTRACKS - Adidas Europe - Diagonal,3,2,00:00:04,0,"0,00 %","0,00 %","0,00 $US"
▶ THE SKATEBOARD SOUNDTRACKS - Black Label - God Save The Label,3,2,00:00:11,0,"0,00 %","0,00 %","0,00 $US"
▶ THE SKATEBOARD SOUNDTRACKS - Bones - New Ground,3,3,00:00:19,0,"0,00 %","33,33 %","0,00 $US"
▶ THE SKATEBOARD SOUNDTRACKS - Deathbowl To Downtown,3,3,00:00:11,0,"0,00 %","0,00 %","0,00 $US"
▶ THE SKATEBOARD SOUNDTRACKS - Etnies - High 5,3,3,00:00:00,3,"100,00 %","100,00 %","0,00 $US"
▶ THE SKATEBOARD SOUNDTRACKS - Foundation - Super Conductor Super Collider,3,2,00:00:25,0,"0,00 %","33,33 %","0,00 $US"
▶ THE SKATEBOARD SOUNDTRACKS - Foundation - The Good Times Are Killing Me,3,2,00:00:03,0,"0,00 %","33,33 %","0,00 $US"
▶ THE SKATEBOARD SOUNDTRACKS - Ground Control,3,2,00:00:06,1,"100,00 %","33,33 %","0,00 $US"
▶ THE SKATEBOARD SOUNDTRACKS - H-Street - This Is Not The New H-Street Video,3,2,00:00:13,0,"0,00 %","0,00 %","0,00 $US"
▶ THE SKATEBOARD SOUNDTRACKS - Habash Video 1.0,3,3,00:00:14,0,"0,00 %","66,67 %","0,00 $US"
▶ THE SKATEBOARD SOUNDTRACKS - Habitat - Austyn Gillette: Unlimited,3,3,00:00:10,0,"0,00 %","0,00 %","0,00 $US"
▶ THE SKATEBOARD SOUNDTRACKS - Hateclub,3,3,00:00:23,1,"0,00 %","0,00 %","0,00 $US"
▶ THE SKATEBOARD SOUNDTRACKS - Introton24,3,3,00:00:00,0,"0,00 %","100,00 %","0,00 $US"
▶ THE SKATEBOARD SOUNDTRACKS - Krooked - Krook3D,3,2,00:00:10,0,"0,00 %","0,00 %","0,00 $US"
▶ THE SKATEBOARD SOUNDTRACKS - Lo-Film,3,2,00:00:09,0,"0,00 %","33,33 %","0,00 $US"
▶ THE SKATEBOARD SOUNDTRACKS - Lordz - Conspiracy,3,2,00:00:00,1,"100,00 %","66,67 %","0,00 $US"
▶ THE SKATEBOARD SOUNDTRACKS - Midnight On The Run,3,3,00:00:19,0,"0,00 %","0,00 %","0,00 $US"
▶ THE SKATEBOARD SOUNDTRACKS - Nerd Alert,3,2,00:00:17,0,"0,00 %","33,33 %","0,00 $US"
▶ THE SKATEBOARD SOUNDTRACKS - Powell - Suburban Diners,3,2,00:00:17,0,"0,00 %","0,00 %","0,00 $US"
▶ THE SKATEBOARD SOUNDTRACKS - Push - Left On Red,3,3,00:00:20,0,"0,00 %","0,00 %","0,00 $US"
▶ THE SKATEBOARD SOUNDTRACKS - Ramp Tramp,3,3,00:00:16,0,"0,00 %","33,33 %","0,00 $US"
▶ THE SKATEBOARD SOUNDTRACKS - Representing Vision,3,3,00:00:15,0,"0,00 %","0,00 %","0,00 $US"
▶ THE SKATEBOARD SOUNDTRACKS - Shanghai 5,3,2,00:00:00,2,"50,00 %","66,67 %","0,00 $US"
▶ THE SKATEBOARD SOUNDTRACKS - Skate Mental - Somebody's Getting Pregnant,3,1,00:02:56,0,"0,00 %","0,00 %","0,00 $US"
▶ THE SKATEBOARD SOUNDTRACKS - Slam City Skates - City Of Rats,3,2,00:05:07,0,"0,00 %","33,33 %","0,00 $US"
▶ THE SKATEBOARD SOUNDTRACKS - Small Beating - Never Turn Your Back On The Concrete Surf,3,2,00:00:44,0,"0,00 %","0,00 %","0,00 $US"
▶ THE SKATEBOARD SOUNDTRACKS - So Gnar,3,3,00:00:04,0,"0,00 %","0,00 %","0,00 $US"
▶ THE SKATEBOARD SOUNDTRACKS - Some Bullshit,3,3,00:00:10,1,"0,00 %","33,33 %","0,00 $US"
▶ THE SKATEBOARD SOUNDTRACKS - Squad Massage,3,2,00:00:08,0,"0,00 %","0,00 %","0,00 $US"
▶ THE SKATEBOARD SOUNDTRACKS - Strictly Standard,3,3,00:00:07,0,"0,00 %","33,33 %","0,00 $US"
▶ THE SKATEBOARD SOUNDTRACKS - Thrasher - King Of The Road 2011,3,3,00:00:07,0,"0,00 %","33,33 %","0,00 $US"
▶ THE SKATEBOARD SOUNDTRACKS - Toy Machine - The Subhumans,3,3,00:00:33,0,"0,00 %","0,00 %","0,00 $US"
▶ THE SKATEBOARD SOUNDTRACKS - World Industries - 20 Shot Sequence,3,3,00:00:00,2,"100,00 %","100,00 %","0,00 $US"
(50%) ▶ THE SKATEBOARD SOUNDTRACKS - Blind - Video Days,2,1,00:00:07,0,"0,00 %","50,00 %","0,00 $US"
(50%) ▶ THE SKATEBOARD SOUNDTRACKS - Emerica - This Is Skateboarding,2,2,00:00:00,1,"100,00 %","100,00 %","0,00 $US"
(50%) ▶ THE SKATEBOARD SOUNDTRACKS - The Way Out,2,2,00:00:00,2,"100,00 %","100,00 %","0,00 $US"
(50%) ▶ THE SKATEBOARD SOUNDTRACKS - Transplants,2,2,00:00:16,0,"0,00 %","0,00 %","0,00 $US"
"▶ THE SKATEBOARD SOUNDTRACKS - 411VM - Best Of 411, Volume 3",2,2,00:00:14,0,"0,00 %","0,00 %","0,00 $US"
"▶ THE SKATEBOARD SOUNDTRACKS - 411VM - Best Of 411, Volume 4",2,2,00:00:19,0,"0,00 %","0,00 %","0,00 $US"
▶ THE SKATEBOARD SOUNDTRACKS - 411VM - Issue 14,2,2,00:00:12,0,"0,00 %","0,00 %","0,00 $US"
▶ THE SKATEBOARD SOUNDTRACKS - 411VM - Issue 15,2,2,00:00:02,1,"100,00 %","50,00 %","0,00 $US"
▶ THE SKATEBOARD SOUNDTRACKS - 411VM - Issue 17,2,2,00:00:18,0,"0,00 %","0,00 %","0,00 $US"
▶ THE SKATEBOARD SOUNDTRACKS - 411VM - Issue 18,2,2,00:00:18,0,"0,00 %","0,00 %","0,00 $US"
▶ THE SKATEBOARD SOUNDTRACKS - 411VM - Issue 20,2,2,00:00:12,0,"0,00 %","0,00 %","0,00 $US"
▶ THE SKATEBOARD SOUNDTRACKS - 411VM - Issue 23,2,2,00:00:35,0,"0,00 %","0,00 %","0,00 $US"
▶ THE SKATEBOARD SOUNDTRACKS - 411VM - Issue 24,2,2,00:00:14,0,"0,00 %","0,00 %","0,00 $US"
▶ THE SKATEBOARD SOUNDTRACKS - 411VM - Issue 25,2,2,00:00:10,0,"0,00 %","0,00 %","0,00 $US"
▶ THE SKATEBOARD SOUNDTRACKS - 411VM - Vancouver 1999,2,1,00:02:09,0,"0,00 %","0,00 %","0,00 $US"
"▶ THE SKATEBOARD SOUNDTRACKS - 5boro - Join, Or Die.",2,1,00:00:05,0,"0,00 %","0,00 %","0,00 $US"
▶ THE SKATEBOARD SOUNDTRACKS - Baker - Bake & Destroy,2,1,00:00:13,0,"0,00 %","0,00 %","0,00 $US"
▶ THE SKATEBOARD SOUNDTRACKS - Baker Has A Deathwish Summer Tour,2,1,00:00:09,0,"0,00 %","0,00 %","0,00 $US"
▶ THE SKATEBOARD SOUNDTRACKS - Beer City - Wasted,2,1,00:04:45,1,"0,00 %","0,00 %","0,00 $US"
▶ THE SKATEBOARD SOUNDTRACKS - Black Label - Back In Black,2,1,00:00:00,0,"0,00 %","50,00 %","0,00 $US"
▶ THE SKATEBOARD SOUNDTRACKS - Black Label - Label Kills,2,1,00:00:13,0,"0,00 %","0,00 %","0,00 $US"
▶ THE SKATEBOARD SOUNDTRACKS - Blockhead - Adventures In Cheese,2,1,00:00:08,0,"0,00 %","0,00 %","0,00 $US"
▶ THE SKATEBOARD SOUNDTRACKS - Blockhead - Debbie Does Blockhead,2,2,00:00:11,0,"0,00 %","50,00 %","0,00 $US"
▶ THE SKATEBOARD SOUNDTRACKS - Blockhead - Recycled Rubbish,2,1,00:00:00,0,"0,00 %","50,00 %","0,00 $US"
▶ THE SKATEBOARD SOUNDTRACKS - Blockhead - Splendid Eye Torture,2,1,00:00:21,0,"0,00 %","0,00 %","0,00 $US"
▶ THE SKATEBOARD SOUNDTRACKS - Blueprint - Make Friends With The Colour Blue,2,1,00:00:06,0,"0,00 %","0,00 %","0,00 $US"
▶ THE SKATEBOARD SOUNDTRACKS - Blueprint - Waiting For The World,2,1,00:01:09,0,"0,00 %","0,00 %","0,00 $US"
▶ THE SKATEBOARD SOUNDTRACKS - Bombaklats,2,1,00:02:49,0,"0,00 %","0,00 %","0,00 $US"
▶ THE SKATEBOARD SOUNDTRACKS - Bronze Hardware Exclusive - Solo Jazz,2,1,00:00:00,0,"0,00 %","50,00 %","0,00 $US"
▶ THE SKATEBOARD SOUNDTRACKS - Chinchilla Crew - Einmal Reicht,2,1,00:10:50,0,"0,00 %","0,00 %","0,00 $US"
▶ THE SKATEBOARD SOUNDTRACKS - Church of Skatan - Holy Rollers,2,1,00:00:31,0,"0,00 %","0,00 %","0,00 $US"
▶ THE SKATEBOARD SOUNDTRACKS - Corridor of Shame,2,1,00:00:00,0,"0,00 %","50,00 %","0,00 $US"
▶ THE SKATEBOARD SOUNDTRACKS - Cosmic Vomit,2,1,00:00:00,1,"0,00 %","50,00 %","0,00 $US"
▶ THE SKATEBOARD SOUNDTRACKS - Debri2,2,2,00:00:35,0,"0,00 %","0,00 %","0,00 $US"
▶ THE SKATEBOARD SOUNDTRACKS - Desert Crew Sucks,2,2,00:01:08,0,"0,00 %","0,00 %","0,00 $US"
▶ THE SKATEBOARD SOUNDTRACKS - Deuxi�me Vague,2,2,00:00:19,0,"0,00 %","0,00 %","0,00 $US"
▶ THE SKATEBOARD SOUNDTRACKS - Double Dip,2,1,00:00:11,0,"0,00 %","0,00 %","0,00 $US"
▶ THE SKATEBOARD SOUNDTRACKS - Droido,2,1,00:00:00,0,"0,00 %","50,00 %","0,00 $US"
▶ THE SKATEBOARD SOUNDTRACKS - DVS - Skate More,2,1,00:00:00,0,"0,00 %","50,00 %","0,00 $US"
▶ THE SKATEBOARD SOUNDTRACKS - Element Europe - Get Busy Living,2,2,00:00:15,0,"0,00 %","0,00 %","0,00 $US"
▶ THE SKATEBOARD SOUNDTRACKS - Eleventh Hour,2,1,00:00:00,0,"0,00 %","50,00 %","0,00 $US"
▶ THE SKATEBOARD SOUNDTRACKS - Emerica - Made: Chapter One,2,1,00:00:13,0,"0,00 %","0,00 %","0,00 $US"
▶ THE SKATEBOARD SOUNDTRACKS - Emerica Europe - Wild In The Streets 2008,2,1,00:00:05,0,"0,00 %","0,00 %","0,00 $US"
▶ THE SKATEBOARD SOUNDTRACKS - Enjoi - Bag of Suck,2,2,00:00:00,2,"100,00 %","100,00 %","0,00 $US"
▶ THE SKATEBOARD SOUNDTRACKS - Flexdex - Road FX,2,1,00:01:32,0,"0,00 %","0,00 %","0,00 $US"
▶ THE SKATEBOARD SOUNDTRACKS - Flip - Really Sorry,2,1,00:00:00,1,"0,00 %","50,00 %","0,00 $US"
▶ THE SKATEBOARD SOUNDTRACKS - Flip - Sorry,2,1,00:00:00,0,"0,00 %","50,00 %","0,00 $US"
▶ THE SKATEBOARD SOUNDTRACKS - Flip - The Weight of the World,2,1,00:00:06,0,"0,00 %","0,00 %","0,00 $US"
▶ THE SKATEBOARD SOUNDTRACKS - Format - Monolith,2,2,00:02:14,0,"0,00 %","0,00 %","0,00 $US"
▶ THE SKATEBOARD SOUNDTRACKS - Foundation - Madness & Mayhem,2,1,00:00:24,0,"0,00 %","0,00 %","0,00 $US"
▶ THE SKATEBOARD SOUNDTRACKS - Friends With Benefits,2,1,00:01:21,0,"0,00 %","0,00 %","0,00 $US"
▶ THE SKATEBOARD SOUNDTRACKS - Fvtvra Skateboards - Roll In Malaga,2,2,00:00:00,0,"0,00 %","100,00 %","0,00 $US"
▶ THE SKATEBOARD SOUNDTRACKS - Illegal Civilization 2,2,2,00:00:12,0,"0,00 %","50,00 %","0,00 $US"
▶ THE SKATEBOARD SOUNDTRACKS - Ipath - Preview: Summer 2005,2,1,00:01:22,0,"0,00 %","50,00 %","0,00 $US"
▶ THE SKATEBOARD SOUNDTRACKS - Ipath - Promo,2,2,00:00:11,0,"0,00 %","0,00 %","0,00 $US"
▶ THE SKATEBOARD SOUNDTRACKS - jkzljzroig,2,1,00:00:46,0,"0,00 %","0,00 %","0,00 $US"
▶ THE SKATEBOARD SOUNDTRACKS - Kriza 4 Life,2,1,00:12:28,0,"0,00 %","0,00 %","0,00 $US"
▶ THE SKATEBOARD SOUNDTRACKS - LaLija Videomag Vol. 2,2,1,00:00:28,0,"0,00 %","0,00 %","0,00 $US"
▶ THE SKATEBOARD SOUNDTRACKS - Logic - Issue 06,2,1,00:00:02,0,"0,00 %","0,00 %","0,00 $US"
▶ THE SKATEBOARD SOUNDTRACKS - Lurkville - Meet The Lurkers,2,1,00:02:02,0,"0,00 %","0,00 %","0,00 $US"
▶ THE SKATEBOARD SOUNDTRACKS - Media Overload,2,1,00:00:57,0,"0,00 %","0,00 %","0,00 $US"
▶ THE SKATEBOARD SOUNDTRACKS - Meet The Stans,2,2,00:00:14,0,"0,00 %","0,00 %","0,00 $US"
▶ THE SKATEBOARD SOUNDTRACKS - MIA - Welcome To MIA,2,1,00:00:00,0,"0,00 %","50,00 %","0,00 $US"
▶ THE SKATEBOARD SOUNDTRACKS - My Mans And Them 2,2,2,00:00:07,0,"0,00 %","0,00 %","0,00 $US"
▶ THE SKATEBOARD SOUNDTRACKS - N.O.Y.F.B.,2,2,00:00:13,0,"0,00 %","0,00 %","0,00 $US"
▶ THE SKATEBOARD SOUNDTRACKS - Nike SB - Debacle.,2,1,00:00:00,0,"0,00 %","50,00 %","0,00 $US"
▶ THE SKATEBOARD SOUNDTRACKS - Nike SB - Don't Fear The Sweeper,2,2,00:00:12,0,"0,00 %","0,00 %","0,00 $US"
▶ THE SKATEBOARD SOUNDTRACKS - Obsession - To Ni Hec,2,1,00:00:14,1,"0,00 %","0,00 %","0,00 $US"
▶ THE SKATEBOARD SOUNDTRACKS - ON Video - Spring 2001,2,1,00:00:07,0,"0,00 %","0,00 %","0,00 $US"
▶ THE SKATEBOARD SOUNDTRACKS - Out of Body Experience,2,1,00:00:00,0,"0,00 %","50,00 %","0,00 $US"
▶ THE SKATEBOARD SOUNDTRACKS - Planet Earth - Animal Farm,2,1,00:00:15,0,"0,00 %","0,00 %","0,00 $US"
▶ THE SKATEBOARD SOUNDTRACKS - Powell - FUN!,2,1,00:00:54,1,"0,00 %","0,00 %","0,00 $US"
▶ THE SKATEBOARD SOUNDTRACKS - Pyramid Country - Couchlock Odyssey,2,1,00:03:20,1,"0,00 %","0,00 %","0,00 $US"
▶ THE SKATEBOARD SOUNDTRACKS - Real - Kicked Out Of Everywhere,2,1,00:00:00,0,"0,00 %","50,00 %","0,00 $US"
▶ THE SKATEBOARD SOUNDTRACKS - Real - Recipe For Disaster,2,1,00:00:08,0,"0,00 %","0,00 %","0,00 $US"
▶ THE SKATEBOARD SOUNDTRACKS - Rich Mahogany,2,1,00:02:01,1,"0,00 %","0,00 %","0,00 $US"
▶ THE SKATEBOARD SOUNDTRACKS - Screengrab,2,1,00:00:25,1,"0,00 %","0,00 %","0,00 $US"
▶ THE SKATEBOARD SOUNDTRACKS - Slash-M-slash,2,1,00:02:41,0,"0,00 %","0,00 %","0,00 $US"
▶ THE SKATEBOARD SOUNDTRACKS - Slave - Radio Television,2,1,00:00:00,0,"0,00 %","50,00 %","0,00 $US"
▶ THE SKATEBOARD SOUNDTRACKS - St. Losers,2,2,00:00:11,0,"0,00 %","50,00 %","0,00 $US"
▶ THE SKATEBOARD SOUNDTRACKS - Stereo - A Visual Sound,2,1,00:00:03,0,"0,00 %","0,00 %","0,00 $US"
▶ THE SKATEBOARD SOUNDTRACKS - Tha Mustard Connection,2,1,00:00:00,0,"0,00 %","50,00 %","0,00 $US"
▶ THE SKATEBOARD SOUNDTRACKS - The Dimestore Video,2,1,00:06:10,0,"0,00 %","0,00 %","0,00 $US"
▶ THE SKATEBOARD SOUNDTRACKS - The Hesh Mixtape Volume 1,2,1,00:00:10,0,"0,00 %","0,00 %","0,00 $US"
▶ THE SKATEBOARD SOUNDTRACKS - The Scene: Mahoudrid,2,2,00:00:47,0,"0,00 %","50,00 %","0,00 $US"
▶ THE SKATEBOARD SOUNDTRACKS - The Welcome Video,2,1,00:00:06,0,"0,00 %","0,00 %","0,00 $US"
▶ THE SKATEBOARD SOUNDTRACKS - Thrasher - Jaded,2,1,00:00:17,0,"0,00 %","50,00 %","0,00 $US"
▶ THE SKATEBOARD SOUNDTRACKS - Thrasher - On The Road,2,2,00:00:09,0,"0,00 %","0,00 %","0,00 $US"
▶ THE SKATEBOARD SOUNDTRACKS - Thrasher - Savannah Slamma,2,2,00:00:04,0,"0,00 %","0,00 %","0,00 $US"
▶ THE SKATEBOARD SOUNDTRACKS - Thrasher/Converse - Prevent This Tragedy,2,1,00:00:10,0,"0,00 %","0,00 %","0,00 $US"
▶ THE SKATEBOARD SOUNDTRACKS - Tilt Mode Army - Bonus Round,2,1,00:00:00,1,"0,00 %","50,00 %","0,00 $US"
▶ THE SKATEBOARD SOUNDTRACKS - Transworld - Starting Point 3,2,1,00:00:00,0,"0,00 %","50,00 %","0,00 $US"
▶ THE SKATEBOARD SOUNDTRACKS - Transworld - Subtleties,2,1,00:00:00,0,"0,00 %","50,00 %","0,00 $US"
▶ THE SKATEBOARD SOUNDTRACKS - Transworld - Uno,2,2,00:02:48,0,"0,00 %","0,00 %","0,00 $US"
▶ THE SKATEBOARD SOUNDTRACKS - Trophy Room,2,2,00:00:00,0,"0,00 %","100,00 %","0,00 $US"
▶ THE SKATEBOARD SOUNDTRACKS - VHS Tape,2,1,00:00:14,0,"0,00 %","0,00 %","0,00 $US"
▶ THE SKATEBOARD SOUNDTRACKS - Vision - Chris Gentry Pro,2,1,00:00:00,0,"0,00 %","50,00 %","0,00 $US"
▶ THE SKATEBOARD SOUNDTRACKS - Westbound & Down,2,1,00:00:10,0,"0,00 %","0,00 %","0,00 $US"
▶ THE SKATEBOARD SOUNDTRACKS - While You Were On Facebook,2,1,00:00:00,0,"0,00 %","50,00 %","0,00 $US"
▶ THE SKATEBOARD SOUNDTRACKS - World Industries/Blind/101 - Trilogy,2,1,00:00:00,0,"0,00 %","50,00 %","0,00 $US"
▶ THE SKATEBOARD SOUNDTRACKS - zeezf,2,1,00:00:28,0,"0,00 %","0,00 %","0,00 $US"
▶ THE SKATEBOARD SOUNDTRACKS - zefzefze,2,1,00:01:33,0,"0,00 %","50,00 %","0,00 $US"
▶ THE SKATEBOARD SOUNDTRACKS - Zero - New Blood,2,1,00:00:09,0,"0,00 %","0,00 %","0,00 $US"
▶ THE SKATEBOARD SOUNDTRACKS - Zero - Strange World,2,1,00:00:12,0,"0,00 %","0,00 %","0,00 $US"
▶ THE SKATEBOARD SOUNDTRACKS - Zoo York - E.S.T,2,1,00:00:04,0,"0,00 %","0,00 %","0,00 $US"
▶ THE SKATEBOARD SOUNDTRACKS - Zoo York - E.S.T 3.0,2,1,00:02:15,0,"0,00 %","0,00 %","0,00 $US"
▶ THE SKATEBOARD SOUNDTRACKS - Zoo York - Field Agent Report,2,2,00:00:10,0,"0,00 %","0,00 %","0,00 $US"
▶ THE SKATEBOARD SOUNDTRACKS - �ctagon,2,2,00:00:11,0,"0,00 %","0,00 %","0,00 $US"
▶ THE SKATEBOARD SOUNDTRACKS - �S - Germany Tour 2002,2,1,00:00:05,1,"0,00 %","0,00 %","0,00 $US"
▶ THE SKATEBOARD SOUNDTRACKS - �S On Cyprus,2,1,00:00:19,0,"0,00 %","0,00 %","0,00 $US"
(50%) ▶ THE SKATEBOARD SOUNDTRACKS - 5Boro - 5BNY,1,1,00:00:00,1,"100,00 %","100,00 %","0,00 $US"
(50%) ▶ THE SKATEBOARD SOUNDTRACKS - Agoura Lifestyle,1,1,00:00:00,0,"0,00 %","100,00 %","0,00 $US"
(50%) ▶ THE SKATEBOARD SOUNDTRACKS - Baker Bootleg,1,1,00:00:07,0,"0,00 %","0,00 %","0,00 $US"
(50%) ▶ THE SKATEBOARD SOUNDTRACKS - Baker Tour 2015,1,1,00:00:05,0,"0,00 %","0,00 %","0,00 $US"
(50%) ▶ THE SKATEBOARD SOUNDTRACKS - Birdhouse - The End,1,1,00:00:30,0,"0,00 %","0,00 %","0,00 $US"
(50%) ▶ THE SKATEBOARD SOUNDTRACKS - Gold - Goons,1,1,00:00:00,1,"100,00 %","100,00 %","0,00 $US"
(50%) ▶ THE SKATEBOARD SOUNDTRACKS - Powell Peralta - The Search For Animal Chin,1,1,00:00:25,0,"0,00 %","0,00 %","0,00 $US"
(50%) ▶ THE SKATEBOARD SOUNDTRACKS - Santa Cruz - Streets On Fire,1,1,00:00:00,1,"100,00 %","100,00 %","0,00 $US"
(50%) ▶ THE SKATEBOARD SOUNDTRACKS - Santa Cruz - Wheels of Fire,1,1,00:01:51,0,"0,00 %","0,00 %","0,00 $US"
(50%) ▶ THE SKATEBOARD SOUNDTRACKS - Screengrab,1,1,00:00:04,0,"0,00 %","0,00 %","0,00 $US"
(50%) ▶ THE SKATEBOARD SOUNDTRACKS - Thrasher - Skate and Destroy,1,1,00:00:19,0,"0,00 %","0,00 %","0,00 $US"
(50%) ▶ THE SKATEBOARD SOUNDTRACKS - ������,1,1,00:00:00,0,"0,00 %","100,00 %","0,00 $US"
"▶ THE SKATEBOARD SOUNDTRACKS - 411VM - Best Of 411, Volume 1",1,1,00:00:03,0,"0,00 %","0,00 %","0,00 $US"
"▶ THE SKATEBOARD SOUNDTRACKS - 411VM - Best Of 411, Volume 5",1,1,00:00:26,0,"0,00 %","0,00 %","0,00 $US"
▶ THE SKATEBOARD SOUNDTRACKS - 411VM - Europe 1995,1,1,00:00:06,0,"0,00 %","0,00 %","0,00 $US"
▶ THE SKATEBOARD SOUNDTRACKS - 411VM - Issue 1,1,1,00:00:06,0,"0,00 %","0,00 %","0,00 $US"
▶ THE SKATEBOARD SOUNDTRACKS - 411VM - Issue 10,1,1,00:00:03,0,"0,00 %","0,00 %","0,00 $US"
▶ THE SKATEBOARD SOUNDTRACKS - 411VM - Issue 11,1,1,00:00:04,0,"0,00 %","0,00 %","0,00 $US"
▶ THE SKATEBOARD SOUNDTRACKS - 411VM - Issue 12,1,1,00:00:03,0,"0,00 %","0,00 %","0,00 $US"
▶ THE SKATEBOARD SOUNDTRACKS - 411VM - Issue 13,1,1,00:00:05,0,"0,00 %","0,00 %","0,00 $US"
▶ THE SKATEBOARD SOUNDTRACKS - 411VM - Issue 19,1,1,00:00:25,0,"0,00 %","0,00 %","0,00 $US"
▶ THE SKATEBOARD SOUNDTRACKS - 411VM - Issue 2,1,1,00:00:06,0,"0,00 %","0,00 %","0,00 $US"
▶ THE SKATEBOARD SOUNDTRACKS - 411VM - Issue 21,1,1,00:00:00,0,"0,00 %","0,00 %","0,00 $US"
▶ THE SKATEBOARD SOUNDTRACKS - 411VM - Issue 27,1,1,00:00:23,0,"0,00 %","0,00 %","0,00 $US"
▶ THE SKATEBOARD SOUNDTRACKS - 411VM - Issue 28,1,1,00:00:04,0,"0,00 %","0,00 %","0,00 $US"
▶ THE SKATEBOARD SOUNDTRACKS - 411VM - Issue 29,1,1,00:00:02,0,"0,00 %","0,00 %","0,00 $US"
▶ THE SKATEBOARD SOUNDTRACKS - 411VM - Issue 30,1,1,00:00:00,0,"0,00 %","100,00 %","0,00 $US"
▶ THE SKATEBOARD SOUNDTRACKS - 411VM - Issue 31,1,1,00:00:06,0,"0,00 %","0,00 %","0,00 $US"
▶ THE SKATEBOARD SOUNDTRACKS - 411VM - Issue 33,1,1,00:00:12,0,"0,00 %","0,00 %","0,00 $US"
▶ THE SKATEBOARD SOUNDTRACKS - 411VM - Issue 4,1,1,00:00:04,0,"0,00 %","0,00 %","0,00 $US"
▶ THE SKATEBOARD SOUNDTRACKS - 411VM - Issue 5,1,1,00:00:01,0,"0,00 %","0,00 %","0,00 $US"
▶ THE SKATEBOARD SOUNDTRACKS - 411VM - Issue 6,1,1,00:00:02,0,"0,00 %","0,00 %","0,00 $US"
▶ THE SKATEBOARD SOUNDTRACKS - 411VM - Issue 7,1,1,00:00:02,0,"0,00 %","0,00 %","0,00 $US"
▶ THE SKATEBOARD SOUNDTRACKS - 411VM - Issue 8,1,1,00:00:02,0,"0,00 %","0,00 %","0,00 $US"
▶ THE SKATEBOARD SOUNDTRACKS - 411VM - Issue 9,1,1,00:00:01,0,"0,00 %","0,00 %","0,00 $US"
"▶ THE SKATEBOARD SOUNDTRACKS - 411VM - Volume 13, Issue 2",1,1,00:00:21,0,"0,00 %","0,00 %","0,00 $US"
▶ THE SKATEBOARD SOUNDTRACKS - Alien Workshop - Kalis In Mono,1,1,00:00:27,0,"0,00 %","0,00 %","0,00 $US"
▶ THE SKATEBOARD SOUNDTRACKS - Alien Workshop - Photosynthesis,1,1,00:00:00,0,"0,00 %","100,00 %","0,00 $US"
▶ THE SKATEBOARD SOUNDTRACKS - Alien Workshop - Timecode,1,1,00:00:25,0,"0,00 %","0,00 %","0,00 $US"
▶ THE SKATEBOARD SOUNDTRACKS - Anti Hero - Fucktards,1,1,00:00:18,0,"0,00 %","0,00 %","0,00 $US"
▶ THE SKATEBOARD SOUNDTRACKS - Big Brother - Number Two,1,1,00:00:07,0,"0,00 %","0,00 %","0,00 $US"
▶ THE SKATEBOARD SOUNDTRACKS - Birdhouse - The End,1,1,00:01:09,0,"0,00 %","0,00 %","0,00 $US"
▶ THE SKATEBOARD SOUNDTRACKS - Blueprint - Build and Destroy,1,1,00:00:00,0,"0,00 %","0,00 %","0,00 $US"
▶ THE SKATEBOARD SOUNDTRACKS - Bones - The Bones Video,1,1,00:00:00,0,"0,00 %","100,00 %","0,00 $US"
▶ THE SKATEBOARD SOUNDTRACKS - Bum Wine,1,1,00:00:07,0,"0,00 %","0,00 %","0,00 $US"
▶ THE SKATEBOARD SOUNDTRACKS - Bust Crew - Brick,1,1,00:00:19,0,"0,00 %","0,00 %","0,00 $US"
▶ THE SKATEBOARD SOUNDTRACKS - Channel One - Intermission,1,1,00:00:00,0,"0,00 %","100,00 %","0,00 $US"
▶ THE SKATEBOARD SOUNDTRACKS - Chocolate: Hittin' Britain & Oui Will Rock You,1,1,00:00:21,0,"0,00 %","0,00 %","0,00 $US"
▶ THE SKATEBOARD SOUNDTRACKS - Clich� - Bon Voyage,1,1,00:00:00,0,"0,00 %","100,00 %","0,00 $US"
▶ THE SKATEBOARD SOUNDTRACKS - Consolidated - Number 1,1,1,00:00:00,1,"100,00 %","100,00 %","0,00 $US"
▶ THE SKATEBOARD SOUNDTRACKS - Eastern Exposure 3: Underachievers,1,1,00:00:04,0,"0,00 %","0,00 %","0,00 $US"
▶ THE SKATEBOARD SOUNDTRACKS - FAKKO!,1,1,00:00:10,0,"0,00 %","0,00 %","0,00 $US"
▶ THE SKATEBOARD SOUNDTRACKS - Feel Free,1,1,00:00:00,0,"0,00 %","100,00 %","0,00 $US"
▶ THE SKATEBOARD SOUNDTRACKS - Film Me,1,1,00:00:11,0,"0,00 %","0,00 %","0,00 $US"
▶ THE SKATEBOARD SOUNDTRACKS - Foundation - Rolling Thunder,1,1,00:12:03,0,"0,00 %","0,00 %","0,00 $US"
▶ THE SKATEBOARD SOUNDTRACKS - Freeling,1,1,00:00:26,0,"0,00 %","0,00 %","0,00 $US"
▶ THE SKATEBOARD SOUNDTRACKS - Funhouse 3,1,1,00:00:17,0,"0,00 %","0,00 %","0,00 $US"
▶ THE SKATEBOARD SOUNDTRACKS - fzzgzefezfze,1,1,00:00:23,0,"0,00 %","0,00 %","0,00 $US"
▶ THE SKATEBOARD SOUNDTRACKS - Girl - Harsh Euro Barge,1,1,00:18:57,0,"0,00 %","0,00 %","0,00 $US"
▶ THE SKATEBOARD SOUNDTRACKS - Girl/Anti Hero - Beauty and The Beast,1,1,00:00:00,0,"0,00 %","100,00 %","0,00 $US"
"▶ THE SKATEBOARD SOUNDTRACKS - Girl/Chocolate - We're OK, EurOK",1,1,00:00:20,0,"0,00 %","0,00 %","0,00 $US"
▶ THE SKATEBOARD SOUNDTRACKS - Independent - 30th Anniversary Tour,1,1,00:00:00,0,"0,00 %","100,00 %","0,00 $US"
"▶ THE SKATEBOARD SOUNDTRACKS - Insight - Repeat After Me, I Am Free",1,1,00:00:08,0,"0,00 %","0,00 %","0,00 $US"
▶ THE SKATEBOARD SOUNDTRACKS - Invisible - Caught Clean,1,1,00:00:04,0,"0,00 %","0,00 %","0,00 $US"
▶ THE SKATEBOARD SOUNDTRACKS - Invisible - Vanishing Point,1,1,00:00:02,0,"0,00 %","0,00 %","0,00 $US"
▶ THE SKATEBOARD SOUNDTRACKS - Krooked - Naugty,1,1,00:00:07,0,"0,00 %","0,00 %","0,00 $US"
▶ THE SKATEBOARD SOUNDTRACKS - Lakai - The Final Flare!,1,1,00:00:00,0,"0,00 %","100,00 %","0,00 $US"
▶ THE SKATEBOARD SOUNDTRACKS - Local Express,1,1,00:00:13,0,"0,00 %","0,00 %","0,00 $US"
▶ THE SKATEBOARD SOUNDTRACKS - LVO - Kings Of Fart 2015,1,1,00:00:10,0,"0,00 %","0,00 %","0,00 $US"
▶ THE SKATEBOARD SOUNDTRACKS - Mull Brothers - Rewild,1,1,00:00:09,0,"0,00 %","0,00 %","0,00 $US"
▶ THE SKATEBOARD SOUNDTRACKS - New Balance - The Second Narrows,1,1,00:00:00,0,"0,00 %","100,00 %","0,00 $US"
▶ THE SKATEBOARD SOUNDTRACKS - New School,1,1,00:00:03,0,"0,00 %","0,00 %","0,00 $US"
▶ THE SKATEBOARD SOUNDTRACKS - Nike SB Switzerland - That's Us...,1,1,00:00:00,0,"0,00 %","100,00 %","0,00 $US"
▶ THE SKATEBOARD SOUNDTRACKS - Picture Fucking Perfect,1,1,00:00:00,0,"0,00 %","100,00 %","0,00 $US"
▶ THE SKATEBOARD SOUNDTRACKS - Pitcrew - Feels Like The First Time,1,1,00:00:12,0,"0,00 %","0,00 %","0,00 $US"
▶ THE SKATEBOARD SOUNDTRACKS - Powell - Magic,1,1,00:00:00,0,"0,00 %","100,00 %","0,00 $US"
▶ THE SKATEBOARD SOUNDTRACKS - S.O.S.,1,1,00:00:04,0,"0,00 %","0,00 %","0,00 $US"
▶ THE SKATEBOARD SOUNDTRACKS - Scatterbrain X Half/Mercy,1,1,00:00:09,0,"0,00 %","0,00 %","0,00 $US"
▶ THE SKATEBOARD SOUNDTRACKS - Shepdawgs Vol. 2,1,1,00:00:00,0,"0,00 %","100,00 %","0,00 $US"
▶ THE SKATEBOARD SOUNDTRACKS - Shorty's Hardware Team Video,1,1,00:00:00,0,"0,00 %","100,00 %","0,00 $US"
▶ THE SKATEBOARD SOUNDTRACKS - SK8MAFIA - Best Of 2008,1,1,00:00:00,0,"0,00 %","100,00 %","0,00 $US"
▶ THE SKATEBOARD SOUNDTRACKS - Skatebus - Doomed By The Living Dead,1,1,00:00:00,0,"0,00 %","100,00 %","0,00 $US"
▶ THE SKATEBOARD SOUNDTRACKS - Street Survival,1,1,00:00:05,0,"0,00 %","0,00 %","0,00 $US"
▶ THE SKATEBOARD SOUNDTRACKS - Summer Sessions,1,1,00:00:00,0,"0,00 %","100,00 %","0,00 $US"
▶ THE SKATEBOARD SOUNDTRACKS - The Familia Video,1,1,00:00:00,0,"0,00 %","100,00 %","0,00 $US"
▶ THE SKATEBOARD SOUNDTRACKS - The Mighty Sucks,1,1,00:00:24,1,"0,00 %","0,00 %","0,00 $US"
▶ THE SKATEBOARD SOUNDTRACKS - thnku,1,1,00:00:00,0,"0,00 %","100,00 %","0,00 $US"
▶ THE SKATEBOARD SOUNDTRACKS - Thrasher - Skate and Destroy,1,1,00:00:03,0,"0,00 %","0,00 %","0,00 $US"
▶ THE SKATEBOARD SOUNDTRACKS - Thrasher - Vidiot,1,1,00:00:07,0,"0,00 %","0,00 %","0,00 $US"
▶ THE SKATEBOARD SOUNDTRACKS - Toy Machine - Good & Evil,1,1,00:00:00,0,"0,00 %","100,00 %","0,00 $US"
▶ THE SKATEBOARD SOUNDTRACKS - Toy Machine - Live!,1,1,00:00:05,0,"0,00 %","0,00 %","0,00 $US"
▶ THE SKATEBOARD SOUNDTRACKS - Transworld - Cinematographer,1,1,00:04:59,0,"0,00 %","0,00 %","0,00 $US"
▶ THE SKATEBOARD SOUNDTRACKS - Transworld - Starting Point 1,1,1,00:00:09,0,"0,00 %","0,00 %","0,00 $US"
▶ THE SKATEBOARD SOUNDTRACKS - Underworld Element - Skypager,1,1,00:01:14,0,"0,00 %","0,00 %","0,00 $US"
▶ THE SKATEBOARD SOUNDTRACKS - Vans Europe - Roll With Us,1,1,00:00:19,0,"0,00 %","0,00 %","0,00 $US"
▶ THE SKATEBOARD SOUNDTRACKS - Vans Europe - Summer of Hate,1,1,00:00:05,0,"0,00 %","0,00 %","0,00 $US"
▶ THE SKATEBOARD SOUNDTRACKS - Viimeinen Otos,1,1,00:00:04,0,"0,00 %","0,00 %","0,00 $US"
▶ THE SKATEBOARD SOUNDTRACKS - Volcom - All The Days Roll Into One,1,1,00:00:21,0,"0,00 %","0,00 %","0,00 $US"
▶ THE SKATEBOARD SOUNDTRACKS - VOX - Skate 4 Change: Volume 1,1,1,00:00:21,0,"0,00 %","0,00 %","0,00 $US"
▶ THE SKATEBOARD SOUNDTRACKS - Way Below Average,1,1,00:00:00,0,"0,00 %","100,00 %","0,00 $US"
▶ THE SKATEBOARD SOUNDTRACKS - Welcome To Paradise,1,1,00:00:05,0,"0,00 %","0,00 %","0,00 $US"
▶ THE SKATEBOARD SOUNDTRACKS - Zero - Promo,1,1,00:00:00,0,"0,00 %","100,00 %","0,00 $US"
▶ THE SKATEBOARD SOUNDTRACKS - Zero/DGK - Fresh 'til Death,1,1,00:00:12,0,"0,00 %","0,00 %","0,00 $US"
▶ THE SKATEBOARD SOUNDTRACKS - Zoo York - The Chaz Ortiz Video,1,1,00:00:03,0,"0,00 %","0,00 %","0,00 $US"
▶ THE SKATEBOARD SOUNDTRACKS - Zoo York - Welcome To Zoo York City,1,1,00:00:23,0,"0,00 %","0,00 %","0,00 $US"
,15 677,11 155,00:00:50,3 337,"42,88 %","21,29 %","0,00 $US"
